show,Hamilton,week_ending,weekly_gross_overall,avg_ticket_price,top_ticket_price,seats_sold,pct_capacity
La Cage aux Folles,No,1985-07-28,2989271,34.54,NA,11841,0.8795
42nd Street,No,1985-09-08,2474396,30.31,NA,7251,0.5477
42nd Street,No,1985-09-15,2844860,30.5,NA,7890,0.5959
La Cage aux Folles,No,1985-12-15,4169643,35,NA,10846,0.8056
The Odd Couple,No,1986-01-26,3555363,27.74,NA,2803,0.2967
Loot,No,1986-04-06,3632735,16.6,NA,2204,0.4364
Arsenic and Old Lace,No,1986-06-29,3900725,17.19,NA,5740,0.584
The Mystery of Edwin Drood,No,1986-07-13,3486170,32.12,NA,10861,0.9527
Arsenic and Old Lace,No,1986-07-20,3716807,15.38,NA,9592,0.854
I'm Not Rappaport,No,1986-09-14,3762479,26.41,NA,6011,0.9596
Social Security,No,1987-01-04,4843514,27.49,NA,4394,0.5048
The Front Page,No,1987-01-11,3372851,9.23,NA,6000,0.6769
I'm Not Rappaport,No,1987-02-01,2641531,25.63,NA,3999,0.6384
Jackie Mason's The World According to Me!,No,1987-02-22,3412369,21.58,NA,6914,0.9214
Les Miserables,No,1987-03-29,4687880,35.43,NA,14033,1.0012
The Mikado,No,1987-04-05,4530629,19.62,NA,5430,0.5637
Stardust,No,1987-04-19,5483530,16.01,NA,3615,0.5077
The Musical Comedy Murders of 1940,No,1987-04-19,5483530,15.11,NA,5375,0.613
42nd Street,No,1987-05-03,5127230,29.69,NA,8871,0.7005
Cats,No,1987-05-10,4914884,38.11,NA,12019,1.0137
The Comedy of Errors,No,1987-07-26,4389338,18.78,NA,4295,0.4939
Big River,No,1987-08-16,4578666,29.27,NA,6257,0.7683
Me and My Girl,No,1987-11-22,4930680,39.87,NA,12241,0.9746
Coastal Disturbances,No,1987-11-22,4930680,16.83,NA,1788,0.37
Jackie Mason's The World According to Me!,No,1987-12-27,5187489,23.87,NA,7721,1.0289
Cabaret,No,1988-01-17,4728239,36.34,NA,8271,0.7255
The Phantom of the Opera,No,1988-01-31,4459187,38.55,NA,12075,0.9381
Breaking the Code,No,1988-03-06,4347058,27.42,NA,5292,0.4959
Breaking the Code,No,1988-04-10,5721093,22.92,NA,9445,0.885
Les Miserables,No,1988-10-09,4793418,40.6,NA,12264,1
Ain't Misbehavin',No,1988-11-13,5361096,34.62,NA,7292,0.8227
Jackie Mason's The World According to Me!,No,1988-11-13,5361096,24.77,NA,4278,0.7981
Me and My Girl,No,1988-12-18,4879414,38.1,NA,10579,0.8423
Les Miserables,No,1989-02-26,4680848,40.52,NA,14016,1
Black and Blue,No,1989-03-12,4839669,33.02,NA,10104,0.7963
Into the Woods,No,1989-04-02,5334220,36.49,NA,9113,0.8886
Born Yesterday,No,1989-04-02,5334220,27.83,NA,5292,0.4752
Cats,No,1989-05-28,4916012,40.4,NA,11895,1.0033
Me and My Girl,No,1989-06-18,4921525,31.25,NA,11938,0.9505
Cats,No,1989-07-30,4291088,40.22,NA,11954,1.0083
Sweeney Todd,No,1989-10-15,4320520,25.89,NA,4018,0.8484
Grand Hotel,No,1989-10-22,5165736,26.77,NA,9658,0.9344
Lend Me a Tenor,No,1989-10-22,5165736,28.94,NA,5789,0.6713
A Chorus Line,No,1989-11-05,5196181,34.08,NA,4371,0.3712
Meet Me in St. Louis,No,1989-11-19,5602443,34.91,NA,8857,0.58
A Few Good Men,No,1990-01-07,5253580,22.39,NA,6029,0.7559
Gypsy,No,1990-02-04,4463690,40.87,NA,11218,0.8672
Black and Blue,No,1990-03-04,4316742,29.62,NA,8747,0.6894
A Chorus Line,No,1990-04-01,5881538,35.32,NA,11212,0.9521
Grand Hotel,No,1990-05-13,5886217,37.55,NA,8550,0.8272
Accomplice,No,1990-06-10,5927284,13.7,NA,6041,0.5669
Gypsy,No,1990-08-19,5003761,35.83,NA,9126,0.7055
The Grapes of Wrath,No,1990-09-02,4812736,33.3,NA,8070,0.9662
Gypsy,No,1990-11-25,6581462,39.38,NA,7838,0.6059
Les Miserables,No,1991-03-03,3937174,43.96,NA,9999,0.8846
Prelude to a Kiss,No,1991-03-31,5080076,27.12,NA,3239,0.7166
Lost in Yonkers,No,1991-05-12,5641108,35.18,NA,9668,0.8834
Once On This Island,No,1991-06-09,5660336,23.08,NA,5238,0.8164
Nick & Nora,No,1991-10-27,5459285,36.89,NA,12380,0.9819
Dancing at Lughnasa,No,1991-11-24,5378515,35.02,NA,7626,0.9192
The Will Rogers Follies,No,1991-12-29,7140907,52.81,NA,11118,0.9787
Dancing at Lughnasa,No,1992-03-01,5226277,38.6,NA,8236,0.9928
Crazy for You,No,1992-03-22,6516614,47.41,NA,10971,0.9361
Metro,No,1992-04-12,7308827,15.66,NA,4775,0.3733
Shimada,No,1992-04-19,7601481,17.63,NA,3756,0.3972
Jake's Women,No,1992-06-21,7646253,33.76,NA,7143,0.6536
Oba Oba '90,No,1992-09-20,5803939,17.38,NA,2656,0.2107
Someone Who'll Watch Over Me,No,1993-03-14,5400010,31.97,NA,4079,0.6528
Ain't Broadway Grand,No,1993-03-28,6039052,28.08,NA,3196,0.5473
Redwood Curtain,No,1993-04-11,6975001,18.08,NA,5224,0.6046
Jelly's Last Jam,No,1993-04-18,6941557,52.84,NA,9576,0.9708
Kiss of the Spider Woman,No,1993-04-25,7206949,39.71,NA,7904,0.8736
She Loves Me,No,1993-05-30,6485066,30.92,NA,3992,1
Kiss of the Spider Woman,No,1993-09-05,5714995,50.44,NA,9025,0.9975
She Loves Me,No,1993-10-24,6039750,48.94,NA,6784,0.8488
Les Miserables,No,1993-10-31,5963353,46.46,NA,9006,0.7967
Les Miserables,No,1993-11-14,7043122,46.54,NA,10054,0.8894
Les Miserables,No,1993-12-19,6888545,46.18,NA,9817,0.8685
Joseph and the Amazing Technicolor Dreamcoat,No,1994-01-02,9074371,57.21,NA,12753,0.9945
The Phantom of the Opera,No,1994-02-06,4736180,51.66,NA,11463,0.8905
Joseph and the Amazing Technicolor Dreamcoat,No,1994-04-17,7334268,45.64,NA,8151,0.6356
Grease,No,1994-06-05,7075097,52.47,NA,7793,0.8937
The Who's Tommy,No,1994-07-03,6860879,45.86,NA,9379,0.7337
Les Miserables,No,1994-10-02,6837483,42.85,NA,9919,0.8775
Crazy for You,No,1994-12-11,9017015,44.49,NA,10649,0.9086
Blood Brothers,No,1995-04-23,10410923,37.65,NA,4499,0.5669
Having Our Say,No,1995-05-21,9432531,34.49,NA,4971,0.7956
Kiss of the Spider Woman,No,1995-06-11,9014415,44.08,70,4372,0.4832
Beauty and the Beast,No,1995-08-06,7539803,53.02,67.5,13282,0.9542
The Phantom of the Opera,No,1995-09-03,6906418,54.58,67.5,13080,1.0162
Les Miserables,No,1995-09-17,6974942,42.69,67.5,10031,0.8874
How to Succeed in Business Without Really Trying,No,1995-12-31,12907168,52.38,67.5,10629,0.9734
Show Boat,No,1996-01-07,7959911,57.33,75,10991,0.7163
A Midsummer Night's Dream,No,1996-04-07,8998582,42.23,65,6813,0.5881
A Midsummer Night's Dream,No,1996-05-19,10838449,39.63,65,6424,0.5546
Les Miserables,No,1996-06-09,9862643,45.97,70,10632,0.9406
A Funny Thing Happened on the Way to the Forum,No,1996-07-28,8966558,58.65,70,10562,0.8165
Sunset Boulevard,No,1996-11-10,8948701,50.02,70,9925,0.7255
Chicago,No,1996-11-24,8796924,54.81,70,10571,0.9702
The King and I,No,1996-12-15,11183748,58.91,75,9758,0.9283
The Rehearsal,No,1997-01-12,7733492,28.46,55,2495,1
The Three Sisters,No,1997-03-16,8410568,39.04,55,3991,0.9997
Beauty and the Beast,No,1997-03-16,8410568,48.3,70,11800,0.8477
Master Class,No,1997-03-30,10449550,28.19,45,4988,0.8986
The Young Man from Atlanta,No,1997-04-13,9851864,26.55,45,5243,0.5985
Once Upon a Mattress,No,1997-06-01,10020843,37.47,75,5393,0.5898
Smokey Joe's Cafe,No,1997-06-22,10954864,41.15,75,9151,0.9438
"Bring in 'da Noise, Bring in 'da Funk",No,1997-07-27,9834085,50.86,70,8725,1.025
Cats,No,1997-08-24,9402211,47.3,70,10949,0.9235
Les Miserables,No,1997-11-02,9878869,44.4,75,9016,0.7976
Miss Saigon,No,1997-11-30,12515482,50.29,75,12893,0.9246
Smokey Joe's Cafe,No,1997-11-30,12515482,56.95,75,8377,0.864
The Diary of Anne Frank,No,1997-12-07,12097716,39.47,60,5040,0.6396
The Lion King,No,1997-12-14,11970948,56.29,75,14097,1.0098
Grease,No,1998-01-11,10698707,47.11,67.5,6958,0.7921
Les Miserables,No,1998-02-01,9635755,39.51,75,10826,0.9577
The Diary of Anne Frank,No,1998-03-08,10691521,38.43,60,4506,0.5718
Ragtime,No,1998-04-12,12264568,60.75,75,14293,0.986
Cats,No,1998-05-10,11986747,44.23,70,8199,0.6915
The Sunshine Boys,No,1998-05-31,10827895,32.09,60,3511,0.4802
The Last Night of Ballyhoo,No,1998-06-21,11441628,48.93,55,2836,0.5938
The Phantom of the Opera,No,1998-07-19,11002191,60.95,75,12412,0.9643
Cabaret,No,1998-07-19,11002191,69.97,75,3987,0.9734
The Scarlet Pimpernel,No,1998-07-26,10294571,41.54,75,7064,0.5164
An Evening with Jerry Herman,No,1998-08-02,10479258,32.1,65,2012,0.3593
Ragtime,No,1998-08-23,9913133,63.4,75,13270,0.9154
The Scarlet Pimpernel,No,1998-09-27,8056958,43.41,75,6597,0.4822
Little Me,No,1998-11-29,13943811,53.1,75,3979,0.9967
On the Town,No,1998-12-06,12761152,42.95,75,11769,0.7731
Rent,No,1999-02-07,10105010,52.28,75,8614,0.9117
Footloose,No,1999-02-07,10105010,54.18,75,7103,0.6587
The Phantom of the Opera,No,1999-03-28,12220782,54.56,75,11996,0.9331
The Sound of Music,No,1999-05-02,12811794,52.81,75,7678,0.6679
The Lion in Winter,No,1999-05-16,12856184,29.41,60,3831,0.9597
Ragtime,No,1999-05-23,13127814,52.09,75,13331,0.9196
Not About Nightingales,No,1999-05-23,13127814,38.78,65,3936,0.877
Rent,No,1999-05-30,12710139,45.43,80,9033,0.9561
The Lion King,No,1999-06-20,11566274,60.48,80,14224,1.0137
Rent,No,1999-08-01,9969695,55.75,80,8354,0.8842
Jekyll & Hyde,No,1999-10-31,9767015,52.01,80,5870,0.6896
Annie Get Your Gun,No,1999-10-31,9767015,58.52,75,10707,0.8391
The Phantom of the Opera,No,1999-12-05,12925080,59.11,80,10918,0.8493
Ragtime,No,1999-12-26,11481640,47.63,75,9870,0.6809
Waiting in the Wings,No,2000-01-02,15002509,63.69,70,4800,0.6336
Marie Christine,No,2000-01-02,15002509,50.47,75,5965,0.7979
Waiting in the Wings,No,2000-03-19,13404260,39.82,70,6830,0.7927
Jekyll & Hyde,No,2000-03-19,13404260,54.39,80,8252,0.9695
Swing!,No,2000-04-02,14275973,49.29,80,8105,0.5925
Copenhagen,No,2000-05-07,14842180,41.63,65,6724,0.7811
Much Ado About Everything,No,2000-05-14,14446692,47.58,65,2389,0.6889
Jesus Christ Superstar,No,2000-05-21,15138273,45.55,81,11161,0.7678
The Ride Down Mt. Morgan,No,2000-05-21,15138273,42.23,65,4842,0.5458
True West,No,2000-06-04,13242697,57.51,67.5,4877,0.9661
The Lion King,No,2000-07-02,13052260,66.72,90,14514,1.0119
Cats,No,2000-07-02,13052260,52.36,75,10552,0.89
Rent,No,2000-07-30,12713023,50.87,80,8458,0.8952
Saturday Night Fever,No,2000-08-20,12239024,40.91,80,11729,0.8696
The Phantom of the Opera,No,2000-09-17,10041728,62.42,85,9339,0.7264
The Full Monty,No,2000-10-08,11567124,61.88,85,6016,0.7088
The Full Monty,No,2000-10-15,11926604,57.95,85,6644,0.7828
Proof,No,2000-11-12,13488202,45.81,69,7082,0.9581
Aida,No,2000-11-12,13488202,63.61,85,13145,0.9694
A Class Act,No,2001-03-11,11031612,31.06,76.25,4500,0.5156
Rent,No,2001-04-01,14046708,50.37,80,8791,0.9305
The Phantom of the Opera,No,2001-06-17,13283331,60.02,85,10942,0.8511
"Kiss Me, Kate",No,2001-07-01,13126817,54.44,85,8062,0.7087
42nd Street,No,2001-09-09,9603452,65.67,91.05,11065,0.7521
The Tale of the Allergist's Wife,No,2001-09-23,7759768,46.57,70,5441,0.6502
Cabaret,No,2001-09-23,7759768,55.26,90,5717,0.7768
The Phantom of the Opera,No,2001-11-11,12213251,54.36,85,8662,0.6738
The Phantom of the Opera,No,2001-12-09,12830717,55.98,85,9098,0.7077
45 Seconds from Broadway,No,2002-01-06,11977514,38.48,70,4924,0.5097
Metamorphoses,No,2002-03-03,11532023,54.31,75,3500,0.6731
"The Goat, or Who Is Sylvia?",No,2002-06-16,12925410,38.74,76.25,4921,0.7651
"The Goat, or Who Is Sylvia?",No,2002-08-11,14073268,38.24,76.25,4667,0.7256
Metamorphoses,No,2002-09-08,8694576,47.5,75,2719,0.5229
Flower Drum Song,No,2002-10-27,13826695,70.05,96,8753,0.9013
Amour,No,2002-10-27,13826695,53.24,86.25,2900,0.3772
Imaginary Friends,No,2003-01-12,14457580,54.15,91.25,6703,0.7942
Aida,No,2003-03-02,11437907,53.6,180,8950,0.66
Cabaret,No,2003-03-23,12950709,51.43,180,7027,0.9548
As Long as We Both Shall Laugh,No,2003-03-30,12600850,21.84,65,1323,0.8939
The Look of Love,No,2003-04-06,12383712,38.42,90,2716,0.6611
Salome,No,2003-04-20,14926364,66.05,85,5186,0.6822
Hairspray,No,2003-05-04,13978276,84.38,360,11062,0.9683
Life x 3,No,2003-06-01,13420512,53.5,80,4327,0.697
Enchanted April,No,2003-06-22,14502518,41.11,81.25,4475,0.5394
Beauty and the Beast,No,2003-07-20,13799938,59.97,95,10317,0.8546
Gypsy,No,2003-07-27,13897761,75.19,101.25,10798,0.9328
Enchanted April,No,2003-08-10,14453666,40.71,81.25,3777,0.4553
Avenue Q,No,2003-08-17,12169174,63.86,91.25,4538,0.8144
Little Shop of Horrors,No,2003-11-16,16067032,65.44,96,6019,0.6218
42nd Street,No,2003-11-30,18921770,69.23,101.2,10304,0.7104
Beauty and the Beast,No,2004-01-18,13964707,60.35,95,7032,0.5825
Beauty and the Beast,No,2004-04-04,15195053,59.55,95,11167,0.925
"Caroline, or Change",No,2004-05-23,16533782,67.3,100,7074,0.8366
Aida,No,2004-08-15,14833890,58.08,100,11945,0.8809
Mamma Mia!,No,2004-08-15,14833890,85.04,201.25,10411,0.8687
42nd Street,No,2004-09-05,10919377,52.97,101.25,8221,0.5668
Mamma Mia!,No,2004-10-03,11250841,77.49,201.25,11597,0.9677
Reckless,No,2004-10-17,12179708,48.79,78,4105,0.7894
Avenue Q,No,2004-10-31,11102212,79.13,201.25,6223,0.9772
The Phantom of the Opera,No,2004-11-07,11861307,56.96,200,9090,0.7071
Chicago,No,2004-11-07,11861307,66.46,240,6792,0.7861
Democracy,No,2005-01-02,22069511,70.02,95,6610,0.6981
Mamma Mia!,No,2005-01-09,14224487,77.16,201.25,11960,0.998
Doubt,No,2005-04-10,16752667,63.45,89,6066,0.8206
Julius Caesar,No,2005-04-24,17335937,80.49,101.25,7528,0.9438
Fiddler on the Roof,No,2005-05-08,17228122,59.23,100,7418,0.5483
Jackie Mason: Freshly Squeezed,No,2005-06-05,17031449,57.5,81.25,1578,0.3847
Beauty and the Beast,No,2005-08-07,15899226,63.47,100,11030,0.9137
Wicked,No,2005-11-13,17742411,91.09,240,14472,1
Sweeney Todd,No,2006-01-15,15708687,77.63,101.25,8230,0.9318
Sweeney Todd,No,2006-01-29,14846427,76.18,101.25,6864,0.7772
Chita Rivera: The Dancer's Life,No,2006-02-05,13252548,61.35,101.25,3003,0.4028
The Color Purple,No,2006-02-12,13896214,76.81,251.25,10645,0.7745
Awake and Sing!,No,2006-04-02,18303578,34.06,81.25,4833,0.6017
Spamalot,No,2006-04-09,18180857,90.04,301.25,11525,0.9997
Wicked,No,2006-04-09,18180857,93.59,240,14472,1
The Caine Mutiny Court-Martial,No,2006-04-16,20296779,50.77,176.25,2247,0.5206
The Lion King,No,2006-07-16,17015901,97.22,250,12785,1.0001
Mamma Mia!,No,2006-08-27,15411367,76.97,201.25,11892,0.9923
Losing Louie,No,2006-09-24,13926868,45.1,86.25,2241,0.6895
Spamalot,No,2006-12-17,20381607,88.06,301.25,10282,0.8919
A Chorus Line,No,2006-12-24,20405253,105.42,251.25,8622,1.0082
Spamalot,No,2007-01-14,17341690,82.88,301.25,11273,0.9779
Translations,No,2007-01-14,17341690,40.48,86.25,4468,0.8592
Mary Poppins,No,2007-01-28,14490554,84.45,250,12324,0.8601
Journey's End,No,2007-04-08,22927788,52.23,201.25,2888,0.355
Mamma Mia!,No,2007-04-22,21398055,76.51,251.25,11767,0.9819
Mamma Mia!,No,2007-05-27,20922895,76.93,251.25,12050,1.0055
Spamalot,No,2007-07-08,18547129,71.96,251.25,10910,0.9464
Rent,No,2007-07-08,18547129,54.83,200,6672,0.7062
The Drowsy Chaperone,No,2007-09-02,16323215,65.62,250,7980,0.6192
Avenue Q,No,2007-09-02,16323215,71.08,201.25,5836,0.9165
Mamma Mia!,No,2007-09-23,13958387,78.12,251.25,11344,0.9466
Rock 'n' Roll,No,2007-12-16,19041972,66.69,226.5,6056,0.7048
Curtains,No,2007-12-16,19041972,80.23,251.5,7119,0.6258
The Phantom of the Opera,No,2007-12-16,19041972,70.52,201.25,8715,0.6779
Spring Awakening,No,2008-05-11,18736549,70.72,201.25,5805,0.6657
Chicago,No,2008-05-25,20770363,71.13,251.25,7799,0.9027
Thurgood,No,2008-06-08,18139680,58.61,151.5,3849,0.6168
A Catered Affair,No,2008-06-29,20412791,64.8,199.5,4600,0.6163
Xanadu,No,2008-07-20,19305800,68.27,226.25,3554,0.7454
A Catered Affair,No,2008-07-20,19305800,56.95,199.5,4692,0.6286
Rent,No,2008-07-27,18725752,65.96,200,7337,0.7766
Spring Awakening,No,2008-09-07,13119538,57.76,250,4459,0.5114
[title of show],No,2008-09-21,15646164,46.43,200,2615,0.3576
A Man for All Seasons,No,2008-10-19,17964427,58.77,111.5,3708,0.8351
South Pacific,No,2008-10-26,17209276,110.78,125,8313,0.9982
The Lion King,No,2008-10-26,17209276,90.67,250,11894,0.8989
13,No,2008-10-26,17209276,55.18,198.5,4074,0.4887
A Tale of Two Cities,No,2008-11-02,15656658,60.08,250,5056,0.4451
The Little Mermaid,No,2008-11-09,17125792,80.44,250,9544,0.7859
The Seagull,No,2008-11-09,17125792,83.98,108,6019,0.7945
The Little Mermaid,No,2009-01-25,12684919,67.23,250,8966,0.7373
Mary Poppins,No,2009-04-05,16940158,63.54,250,11416,0.7941
33 Variations,No,2009-04-12,21432403,61.83,350,5261,0.6187
Rock of Ages,No,2009-04-19,21303553,55.19,175,7502,0.9579
August: Osage County,No,2009-05-03,18101242,54.74,250,3296,0.4208
The Phantom of the Opera,No,2009-05-17,19514195,62.57,200,11141,0.8623
God of Carnage,No,2009-05-24,20413145,98.26,250,8700,1.0088
9 to 5,No,2009-07-12,20084193,72.8,300,9537,0.74
Wicked,No,2009-08-16,19325547,113.7,300,14472,1
Next to Normal,No,2009-08-23,17853840,81.74,200,5582,0.9038
Jersey Boys,No,2009-09-06,15811626,114.06,350,9899,1.0126
In the Next Room,No,2009-10-25,20654738,32.87,NA,1710,0.4637
Race,No,2009-12-27,24334031,94.15,250,5659,0.6686
Finian's Rainbow,No,2010-01-03,28089915,71.25,250,10117,0.7435
Mamma Mia!,No,2010-02-14,15774093,80.21,200,9614,0.8022
Wicked,No,2010-03-21,20836881,109.44,300,14472,1
"Promises, Promises",No,2010-03-28,20739849,109.21,250,1747,1
Everyday Rapture,No,2010-04-25,22133464,18.92,NA,5168,0.873
Next to Normal,No,2010-06-27,22321138,66.9,200,4823,0.7809
Red,No,2010-06-27,22321138,113,225,6403,0.9955
Wicked,No,2010-07-25,20704716,117.96,300,14472,1
Wicked,No,2010-11-07,20911153,108.72,300,14237,0.9838
Jersey Boys,No,2010-11-14,22656843,116.56,350,9479,0.9649
Mamma Mia!,No,2010-12-05,23445874,87.5,200,8889,0.7417
Rain: A Tribute to the Beatles,No,2011-01-16,14896892,82.64,190,8248,0.712
Driving Miss Daisy,No,2011-01-23,12343580,98.97,300,4856,0.755
Spider-Man Turn Off the Dark,No,2011-03-27,22037020,103.45,275,14670,0.9501
Million Dollar Quartet,No,2011-04-17,23884809,65.2,250,4216,0.4341
Mary Poppins,No,2011-05-15,23029213,73.16,177,10200,0.7095
How to Succeed in Business Without Really Trying,No,2011-07-03,21841232,99.83,302,11345,0.9959
Billy Elliot: The Musical,No,2011-07-17,21337518,81.53,199,10320,0.9078
Sister Act,No,2011-09-18,16009583,73.31,200,8478,0.7098
Priscilla Queen of the Desert,No,2011-11-27,28086477,92.03,200,8265,0.6117
Memphis,No,2012-01-22,19345315,66.5,250,7827,0.6656
Death of a Salesman,No,2012-03-11,18585146,85.73,225,7237,0.9979
Porgy and Bess,No,2012-05-13,25244974,87.67,225,6515,0.61
Memphis,No,2012-07-01,23877257,66.47,250,7824,0.6653
Ghost The Musical,No,2012-07-08,22394733,67.35,200,8583,0.7129
Bring It On: The Musical,No,2012-10-14,20614959,60.89,197,6006,0.5628
Once,No,2012-10-28,20083786,120.89,275,8507,1.0051
Jersey Boys,No,2013-02-10,15048037,92.23,237,7786,0.7925
Spider-Man Turn Off the Dark,No,2013-03-31,28531069,122.64,247,15316,0.992
Hands on a Hardbody,No,2013-04-14,23143560,41.19,197,5326,0.6408
Orphans,No,2013-04-28,24616128,73.65,225,6035,0.7044
Pippin,No,2013-08-25,20604712,128.01,225,7839,0.9898
Rock of Ages,No,2013-10-13,24614028,97.71,263,4090,0.8769
No Man's Land / Waiting for Godot,No,2013-12-22,27539205,92.79,243,7767,0.9048
The Lion King,No,2013-12-29,38783854,185.35,197.5,15307,1.0005
The Bridges of Madison County,No,2014-02-02,16714699,57.99,223,5826,0.8168
Bronx Bombers,No,2014-02-09,17841891,31.45,227,4261,0.6935
Mothers and Sons,No,2014-05-04,29244150,63.04,225,2743,0.4275
Cinderella,No,2014-06-08,28348062,78.57,297,10169,0.7259
Motown The Musical,No,2014-07-06,25117617,91.7,250,9092,0.7541
The Book of Mormon,No,2014-07-13,25634843,185.25,477,8752,1.0263
Mamma Mia!,No,2014-07-27,27038225,88.98,NA,8863,0.9502
Les Miserables,No,2014-08-24,22786507,95.75,273,9254,0.821
Cinderella,No,2014-08-24,22786507,73.33,297,8305,0.5929
The Book of Mormon,No,2014-08-31,22905607,192.29,477,8752,1.0263
Motown The Musical,No,2014-10-19,25993467,99.82,250,10768,0.8932
Disgraced,No,2014-11-09,27591483,78.87,198,6500,0.8851
On the Town,No,2014-12-14,30085953,80.77,246.5,9370,0.625
It's Only a Play,No,2014-12-28,40993951,169.42,347,8452,0.9883
The Curious Incident of the Dog in the Night-Time,No,2015-02-08,18766305,103.62,195,7130,0.8755
Hedwig and the Angry Inch,No,2015-02-15,22494434,112.32,248,5656,0.8024
Les Miserables,No,2015-03-08,18260267,73.51,273,8493,0.7535
Skylight,No,2015-04-26,27722511,120.87,297,6416,1
Fish in the Dark,No,2015-07-12,26350323,109.6,373,7863,0.916
Hamilton,Yes,2015-08-02,28789622,140.39,275,10619,1.0048
Hamilton,Yes,2015-08-09,26416632,117.99,275,10638,1.0066
Hamilton,Yes,2015-08-23,22457933,136.04,275,10708,1.0133
Amazing Grace,No,2015-08-30,21736748,59.37,197,4833,0.5199
Hamilton,Yes,2015-09-06,22236019,158.52,275,10706,1.0131
Hamilton,Yes,2015-09-13,21392376,145.91,275,10703,1.0128
Wicked,No,2015-09-13,21392376,101.05,240,14570,0.9456
Amazing Grace,No,2015-09-20,21730051,67.4,197,5240,0.5637
Hamilton,Yes,2015-10-11,25981326,156.58,475,10717,1.0141
Hamilton,Yes,2015-10-25,27391971,139.08,475,10708,1.0133
Hamilton,Yes,2015-11-01,22819831,148.71,475,10726,1.015
Hamilton,Yes,2015-11-08,26640595,147.07,475,12050,1.0135
Misery,No,2015-11-08,26640595,121.48,297,7966,0.8424
Sylvia,No,2015-11-08,26640595,70.69,199,5485,0.6402
A View from the Bridge,No,2015-11-15,28476232,60.07,248,7336,0.8676
School of Rock - The Musical,No,2015-11-22,26940627,75.69,248,9733,0.8187
Allegiance,No,2015-11-29,33851356,91.92,223,5340,0.6315
Hamilton,Yes,2016-01-24,15977957.72,161.84,475,8062,1.0172
Hamilton,Yes,2016-01-31,23617252.17,161.21,475,10748,1.017
Jersey Boys,No,2016-02-21,23951914.29,87,199,6984,0.7109
An American in Paris,No,2016-02-21,23951914.29,86.33,223,9259,0.6893
The Lion King,No,2016-03-27,31485172.45,172.61,225,15236,0.9982
Hamilton,Yes,2016-04-10,26894099.17,168.65,475,10754,1.0176
Finding Neverland,No,2016-04-10,26894099.17,78.32,225,7790,0.6474
Hamilton,Yes,2016-05-01,28331921.81,169.12,475,10754,1.0176
Hamilton,Yes,2016-05-08,27579172.93,170.49,475,10754,1.0176
She Loves Me,No,2016-05-22,28842985.58,87.99,252,7817,0.9694
On Your Feet!,No,2016-05-29,28706805.95,101.19,199,8663,0.666
The Book of Mormon,No,2016-06-12,28477729.82,153.99,477,8722,1.0227
An American in Paris,No,2016-06-26,28923675.96,86.41,223,8636,0.6429
Hamilton,Yes,2016-07-10,24862657.43,190.95,475,10753,1.0175
Beautiful: The Carole King Musical,No,2016-07-17,27125138.45,110.95,299,6771,0.8249
Hamilton,Yes,2016-07-24,26582154.47,190.32,475,10754,1.0176
Hamilton,Yes,2016-07-31,25496118,189.85,475,10755,1.0177
School of Rock - The Musical,No,2016-07-31,25496118,105.1,248,11675,0.9762
Chicago,No,2016-07-31,25496118,85.35,186,6970,0.8067
Matilda The Musical,No,2016-08-07,24062535.05,87.49,250,10718,0.9356
The Book of Mormon,No,2016-08-07,24062535.05,151.87,477,8735,1.0243
School of Rock - The Musical,No,2016-08-21,23009994.04,101.52,248,10354,0.8657
Hamilton,Yes,2016-08-28,21495765.02,191.02,475,10753,1.0175
On Your Feet!,No,2016-08-28,21495765.02,91.14,199,7531,0.579
Hamilton,Yes,2016-09-11,20154528.12,199.97,475,10753,1.0175
Hamilton,Yes,2016-09-18,22174849.86,200.75,475,10755,1.0177
Hamilton,Yes,2016-10-02,22824768.82,202.23,549,10754,1.0176
"Holiday Inn, The New Irving Berlin Musical",No,2016-10-09,25903635.94,61.19,NA,6607,0.8275
Hamilton,Yes,2016-10-23,27441874.45,185.7,549,10733,1.0156
Hamilton,Yes,2016-11-20,26762454.2,228.3,549,10752,1.0174
Hamilton,Yes,2016-11-27,35280351.26,303.21,998,10752,1.0174
School of Rock - The Musical,No,2016-11-27,35280351.26,125.86,248,12633,0.9389
Hamilton,Yes,2016-12-04,29035901.85,208.09,549,10732,1.0155
Hamilton,Yes,2016-12-18,30541917.65,208.65,549,10738,1.0161
Hamilton,Yes,2017-01-01,49710189.78,310.13,998,10755,1.0177
The Front Page,No,2017-01-08,29567891.31,113.2,373,9032,0.9584
"Holiday Inn, The New Irving Berlin Musical",No,2017-01-15,25872048.71,76.63,NA,6990,0.8755
The Present,No,2017-01-22,21686611.83,132.92,272,7354,0.873
Beautiful: The Carole King Musical,No,2017-01-22,21686611.83,109.07,249,7436,0.9059
Hamilton,Yes,2017-01-29,21078311.83,229.17,549,10758,1.018
On Your Feet!,No,2017-01-29,21078311.83,87.7,199,8303,0.6383
Hamilton,Yes,2017-02-05,19874003.02,298.92,849,10755,1.0177
Hamilton,Yes,2017-03-05,23822896.59,264.1,849,10735,1.0158
Jitney,No,2017-03-05,23822896.59,70.37,NA,5170,0.9942
"Amelie, A New Musical",No,2017-03-12,27675629.09,104.24,250.5,3617,0.9755
Waitress,No,2017-03-12,27675629.09,109.97,270,8168,0.977
Aladdin,No,2017-04-02,34447048.43,111.72,227.5,13745,0.9949
Hamilton,Yes,2017-04-09,35186711.31,276.99,849,10754,1.0176
Cirque du Soleil Paramour,No,2017-04-09,35186711.31,82.74,199,12005,0.7915
Hamilton,Yes,2017-04-16,41151034.39,289.94,849,10753,1.0175
Oslo,No,2017-04-16,41151034.39,67.44,223,7330,0.8751
Hamilton,Yes,2017-04-23,35895402.43,291.07,849,10754,1.0176
Hamilton,Yes,2017-05-07,32862919.91,292.14,849,10754,1.0176
Six Degrees of Separation,No,2017-05-07,32862919.91,75.32,197,5304,0.6302
On Your Feet!,No,2017-05-14,33603536.36,87.01,199,8671,0.6666
Oslo,No,2017-06-04,32793984.32,88.71,223,6755,0.8065
Hamilton,Yes,2017-06-11,34128419.59,255.42,849,10735,1.0158
Hamilton,Yes,2017-06-18,34505435.31,282.61,849,10753,1.0175
The Play That Goes Wrong,No,2017-07-09,29082683.33,64.06,197,5122,0.7497
"A Doll's House, Part 2",No,2017-07-09,29082683.33,81.47,297,5532,0.8923
Hamilton,Yes,2017-07-16,31922259.32,280.79,849,10755,1.0177
Hamilton,Yes,2017-07-23,31395963.12,282.01,849,10756,1.0178
Hamilton,Yes,2017-08-06,31424598.87,283.28,849,10753,1.0175
Hamilton,Yes,2017-08-20,28674785.82,276.16,849,10753,1.0175
Chicago,No,2017-09-03,27899472.03,83.66,187,7610,0.8808
Hamilton,Yes,2017-09-17,26613186.99,272.72,849,10753,1.0175
A Bronx Tale The Musical,No,2017-09-17,26613186.99,98.39,210,7743,0.9271
Hamilton,Yes,2017-10-08,30239538.42,272.24,849,10757,1.0179
Come From Away,No,2017-10-08,30239538.42,162.07,347,8514,1.0174
Hamilton,Yes,2017-10-22,30630790.04,271.2,849,10757,1.0179
The Band's Visit,No,2017-10-29,28628692.39,104.29,247,8368,1
Hamilton,Yes,2017-11-12,32477412.57,292.14,849,10759,1.0181
Hamilton,Yes,2017-11-19,31147315.59,263.31,849,10734,1.0157
Home for the Holidays,No,2017-11-19,31147315.59,14.71,396.5,3487,0.5679
Hamilton,Yes,2017-11-26,39079347.02,321.13,849,10755,1.0177
Hamilton,Yes,2017-12-10,35260250.63,271.04,849,10734,1.0157
Hamilton,Yes,2017-12-24,35795927.3,353.06,849,10757,1.0179
Hamilton,Yes,2017-12-31,50354028.55,358.46,849,10754,1.0176
Hamilton,Yes,2018-01-14,32947325.27,288.61,849,10759,1.0181
Hamilton,Yes,2018-01-21,27685184.24,287.93,849,10753,1.0175
John Lithgow: Stories By Heart,No,2018-01-21,27685184.24,71.28,NA,5359,0.9052
The Play That Goes Wrong,No,2018-01-21,27685184.24,66,197,5122,0.7497
Kinky Boots,No,2018-01-21,27685184.24,87.28,249,8555,0.751
Hamilton,Yes,2018-02-18,26335055.74,287.1,849,10756,1.0178
Hamilton,Yes,2018-03-04,26316392.79,285.46,849,10755,1.0177
Hamilton,Yes,2018-03-11,29425481.36,292.88,849,10753,1.0175
Hamilton,Yes,2018-03-18,31954759.69,292.93,849,10757,1.0179
Angels in America: A Gay Fantasia on National Themes,No,2018-03-18,31954759.69,98.27,247,8089,0.9481
Hamilton,Yes,2018-04-01,42016688.35,268.47,849,10735,1.0158
The Band's Visit,No,2018-04-08,42596195.27,110.57,247,8109,0.9756
The Play That Goes Wrong,No,2018-04-15,37729078.44,66.66,197,4712,0.6897
Hamilton,Yes,2018-04-29,35335326.58,262.97,849,10736,1.0159
Hamilton,Yes,2018-05-06,36994026.79,288.31,849,10757,1.0179
The Play That Goes Wrong,No,2018-05-06,36994026.79,66.29,197,3647,0.5338
Come From Away,No,2018-05-06,36994026.79,138.95,347,8495,1.0152
Hamilton,Yes,2018-05-13,38621280.34,262.3,849,10738,1.0161
Hamilton,Yes,2018-05-20,38813251.1,290.2,849,10754,1.0176
The Boys in the Band,No,2018-05-20,38813251.1,166.09,397,6235,1.0069
Hamilton,Yes,2018-05-27,39431767.13,278.35,849,10734,1.0157
Chicago,No,2018-05-27,39431767.13,91.09,203,8236,0.9532
Hamilton,Yes,2018-06-10,39211500.4,265.29,849,10732,1.0155
Hamilton,Yes,2018-06-17,39653551.79,291.16,849,10754,1.0176
Carousel,No,2018-06-17,39653551.79,113.11,323,9685,0.8478
Hamilton,Yes,2018-06-24,40285883.82,291.27,849,10756,1.0178
The Iceman Cometh,No,2018-06-24,40285883.82,129.32,348,6735,0.9128
Hamilton,Yes,2018-07-01,38126488.51,289.99,849,10756,1.0178
Hamilton,Yes,2018-07-08,33865379.57,295.08,849,10754,1.0176
Hamilton,Yes,2018-07-15,37330027.69,289.13,849,10756,1.0178
Kinky Boots,No,2018-07-15,37330027.69,89.79,249,7565,0.6641
Hamilton,Yes,2018-09-09,29524979.46,298.36,849,10756,1.0178
Hamilton,Yes,2018-09-30,29521717.1,301.89,849,10755,1.0177
Hamilton,Yes,2018-10-28,33133984.13,274.34,849,10737,1.016
Waitress,No,2018-11-11,37230401.33,100.59,270,6798,0.8132
Hamilton,Yes,2018-11-18,36501888.28,273.29,849,10736,1.0159
The Phantom of the Opera,No,2018-11-18,36501888.28,87.33,213,9515,0.741
Hamilton,Yes,2018-11-25,43043393.13,354.1,849,10755,1.0177
Hamilton,Yes,2018-12-09,40149570.28,274.45,849,10734,1.0157
Hamilton,Yes,2018-12-16,39865469.32,302.6,849,10759,1.0181
The Illusionists - Magic Of The Holidays,No,2018-12-16,39865469.32,102.61,227,10683,0.8152
Hamilton,Yes,2018-12-23,41012369.65,335.92,849,10755,1.0177
The Play That Goes Wrong,No,2018-12-23,41012369.65,71.96,197,5286,0.7737
Hamilton,Yes,2019-01-06,37530273.1,310.89,849,10757,1.0179
The Ferryman,No,2019-01-06,37530273.1,105.37,297,7414,0.9095
Hamilton,Yes,2019-01-13,31937248.07,293.66,849,10753,1.0175
Hamilton,Yes,2019-01-27,29982380.3,292.75,849,10753,1.0175
Hamilton,Yes,2019-02-03,26512354.56,290.87,849,10754,1.0176
Hamilton,Yes,2019-03-03,27159271.45,286.94,849,10753,1.0175
Dear Evan Hansen,No,2019-03-03,27159271.45,154.44,348,7742,0.9835
Kinky Boots,No,2019-03-03,27159271.45,83.9,249,7286,0.6396
Hamilton,Yes,2019-03-24,34204242.15,274.67,849,10738,1.0161
Hadestown,No,2019-03-24,34204242.15,128.21,399,1836,1
The Lion King,No,2019-04-07,35291615.88,159.83,225,13515,0.9961
The Prom,No,2019-04-14,34725461.34,88.77,247,6773,0.8102
Hamilton,Yes,2019-04-21,40219790.24,306.95,849,10749,1.0171
Hamilton,Yes,2019-05-05,34151624.49,296.45,849,10755,1.0177
Hamilton,Yes,2019-05-12,36855346.97,291.92,849,10753,1.0175
Hamilton,Yes,2019-05-19,35092350.5,299.82,849,10752,1.0174
Hamilton,Yes,2019-05-26,35905670.43,272.29,849,10739,1.0162
Hamilton,Yes,2019-06-09,35439598.96,267.69,849,10733,1.0156
The Book of Mormon,No,2019-06-09,35439598.96,118.23,477.5,8627,1.03
Hamilton,Yes,2019-06-16,34493610.47,295.98,849,10760,1.0182
Mean Girls,No,2019-06-16,34493610.47,106.21,249.5,9573,0.9768
Pretty Woman: The Musical,No,2019-06-23,35987055.01,92.11,275,6652,0.7119
Hamilton,Yes,2019-07-07,34108642.97,287.56,849,10755,1.0177
Hamilton,Yes,2019-08-18,31972753.31,275.89,849,10753,1.0175
Hamilton,Yes,2019-08-25,27987012.48,273.8,849,10753,1.0175
Hamilton,Yes,2019-09-01,28652876.74,280.16,849,10759,1.0181
Hamilton,Yes,2019-09-15,29092570.96,270.11,847,10753,1.0152
Hamilton,Yes,2019-09-29,29894777.05,278.07,847,10758,1.0157
Aladdin,No,2019-09-29,29894777.05,85.57,227.5,13156,0.9522
Betrayal,No,2019-09-29,29894777.05,110.92,248,5938,0.7165
"Harry Potter and the Cursed Child, Parts One and Two",No,2019-10-06,30098714.42,77.17,296.5,12976,1
Oklahoma!,No,2019-10-06,30098714.42,95.01,249.5,4333,0.832
Hamilton,Yes,2019-10-13,35212990.4,287.48,847,10752,1.0151
The Sound Inside,No,2019-10-13,35212990.4,76.56,275,5596,0.7009
Hamilton,Yes,2019-10-20,34644583.03,259.75,847,10736,1.0136
Hamilton,Yes,2019-11-03,31122600.61,224.35,847,10734,1.0134
Hamilton,Yes,2019-11-10,35399366.34,287.06,847,10760,1.0159
Hamilton,Yes,2020-02-09,26971364.47,250.34,847,10755,1.0154
Hamilton,Yes,2020-02-23,29195909.75,257.03,747,10752,1.0151
The Book of Mormon,No,2020-03-01,26109896.25,112.69,477.5,7960,0.9503
